{
    "mean_squared_error": 0.8295995694195133,
    "r2_score": 0.22489718251517632
}