{
    "mean_squared_error": 0.8197331374607557,
    "r2_score": 0.23411548432204243
}